,time,energy,valve_open
0,0.0,1.0,True
1,0.001001001001001001,1.0051584041344823,True
2,0.002002002002002002,1.0103434174021793,True
3,0.003003003003003003,1.0155551770637539,True
4,0.004004004004004004,1.0207938210879144,True
5,0.005005005005005005,1.0260594881550682,True
6,0.006006006006006006,1.0313523176609922,True
7,0.007007007007007007,1.0366724497205226,True
8,0.008008008008008008,1.042020025171265,True
9,0.009009009009009009,1.0473951855773218,True
10,0.01001001001001001,1.0527980732330409,True
11,0.011011011011011011,1.0582288311667811,True
12,0.012012012012012012,1.0636876031447002,True
13,0.013013013013013013,1.0691745336745595,True
14,0.014014014014014014,1.0746897680095495,True
15,0.015015015015015015,1.080233452152136,True
16,0.016016016016016016,1.0858057328579236,True
17,0.017017017017017015,1.0914067576395425,True
18,0.018018018018018018,1.0970366747705524,True
19,0.01901901901901902,1.1026956332893676,True
20,0.02002002002002002,1.108383783003203,True
21,0.02102102102102102,1.11410127449204,True
22,0.022022022022022022,1.1198482591126118,True
23,0.023023023023023025,1.1256248890024112,True
24,0.024024024024024024,1.1314313170837174,True
25,0.025025025025025023,1.1372676970676447,True
26,0.026026026026026026,1.1431341834582118,True
27,0.02702702702702703,1.1490309315564307,True
28,0.028028028028028028,1.1549580974644196,True
29,0.029029029029029027,1.160915838089534,True
30,0.03003003003003003,1.166904311148521,True
31,0.031031031031031032,1.1729236751716947,True
32,0.03203203203203203,1.1789740895071326,True
33,0.03303303303303303,1.1850557143248936,True
34,0.03403403403403403,1.1911687106212592,True
35,0.035035035035035036,1.197313240222994,True
36,0.036036036036036036,1.2034894657916306,True
37,0.037037037037037035,1.209697550827776,True
38,0.03803803803803804,1.2159376596754394,True
39,0.03903903903903904,1.2222099575263818,True
40,0.04004004004004004,1.2285146104244915,True
41,0.04104104104104104,1.2348517852701772,True
42,0.04204204204204204,1.2412216498247877,True
43,0.043043043043043044,1.2476243727150529,True
44,0.044044044044044044,1.2540601234375472,True
45,0.04504504504504504,1.2605290723631768,True
46,0.04604604604604605,1.2670313907416904,True
47,0.04704704704704705,1.2735672507062112,True
48,0.04804804804804805,1.2801368252777954,True
49,0.04904904904904905,1.2867402883700114,True
50,0.050050050050050046,1.2933778147935444,True
51,0.05105105105105105,1.3000495802608232,True
52,0.05205205205205205,1.3067557613906726,True
53,0.05305305305305305,1.3134965357129889,True
54,0.05405405405405406,1.320272081673439,True
55,0.055055055055055056,1.3270825786381848,True
56,0.056056056056056056,1.3339282068986316,True
57,0.057057057057057055,1.3408091476762,True
58,0.058058058058058054,1.3477255831271246,True
59,0.05905905905905906,1.3546776963472753,True
60,0.06006006006006006,1.3616656713770041,True
61,0.06106106106106106,1.368689693206018,True
62,0.062062062062062065,1.3757499477782753,True
63,0.06306306306306306,1.3828466219969084,True
64,0.06406406406406406,1.3899799037291722,True
65,0.06506506506506507,1.3971499818114164,True
66,0.06606606606606606,1.4043570460540842,True
67,0.06706706706706707,1.411601287246739,True
68,0.06806806806806806,1.418882897163113,True
69,0.06906906906906907,1.4262020685661856,True
70,0.07007007007007007,1.4335589952132848,True
71,0.07107107107107107,1.4409538718612174,True
72,0.07207207207207207,1.4483868942714246,True
73,0.07307307307307308,1.4558582592151643,True
74,0.07407407407407407,1.4633681644787202,True
75,0.07507507507507508,1.470916808868637,True
76,0.07607607607607608,1.4785043922169847,True
77,0.07707707707707707,1.486131115386647,True
78,0.07807807807807808,1.4937971802766403,True
79,0.07907907907907907,1.5015027898274573,True
80,0.08008008008008008,1.5092481480264401,True
81,0.08108108108108109,1.5170334599131796,True
82,0.08208208208208208,1.5248589315849437,True
83,0.08308308308308308,1.5327247702021338,True
84,0.08408408408408408,1.540631183993768,True
85,0.08508508508508508,1.548578382262994,True
86,0.08608608608608609,1.5565665753926294,True
87,0.08708708708708708,1.5645959748507317,True
88,0.08808808808808809,1.5726667931961962,True
89,0.0890890890890891,1.5807792440843826,True
90,0.09009009009009009,1.5889335422727713,True
91,0.09109109109109109,1.5971299036266489,True
92,0.0920920920920921,1.605368545124822,True
93,0.09309309309309309,1.6136496848653616,True
94,0.0940940940940941,1.6219735420713774,True
95,0.09509509509509509,1.6303403370968192,True
96,0.0960960960960961,1.6387502914323129,True
97,0.0970970970970971,1.6472036277110214,True
98,0.0980980980980981,1.6557005697145404,True
99,0.0990990990990991,1.6642413423788207,True
100,0.10010010010010009,1.6728261718001238,True
101,0.1011011011011011,1.681455285241008,True
102,0.1021021021021021,1.6901289111363422,True
103,0.1031031031031031,1.6988472790993563,True
104,0.1041041041041041,1.7076106199277163,True
105,0.10510510510510511,1.7164191656096375,True
106,0.1061061061061061,1.7252731493300228,True
107,0.10710710710710711,1.7341728054766383,True
108,0.10810810810810811,1.743118369646316,True
109,0.1091091091091091,1.7521100786511914,True
110,0.11011011011011011,1.761148170524974,True
111,0.1111111111111111,1.770232884529246,True
112,0.11211211211211211,1.7793644611597983,True
113,0.11311311311311312,1.788543142152996,True
114,0.11411411411411411,1.797769170492178,True
115,0.11511511511511512,1.8070427904140898,True
116,0.11611611611611611,1.8163642474153483,True
117,0.11711711711711711,1.8257337882589417,True
118,0.11811811811811812,1.8351516609807608,True
119,0.11911911911911911,1.844618114896166,True
120,0.12012012012012012,1.8541334006065875,True
121,0.12112112112112113,1.8636977700061583,True
122,0.12212212212212212,1.8733114762883836,True
123,0.12312312312312312,1.8829747739528429,True
124,0.12412412412412413,1.892687918811927,True
125,0.12512512512512514,1.9024511679976113,True
126,0.12612612612612611,1.9122647799682608,True
127,0.12712712712712712,1.9221290145154741,True
128,0.12812812812812813,1.9320441327709592,True
129,0.12912912912912913,1.9420103972134473,True
130,0.13013013013013014,1.952028071675641,True
131,0.13113113113113112,1.9620974213511981,True
132,0.13213213213213212,1.9722187128017532,True
133,0.13313313313313313,1.9823922139639731,True
134,0.13413413413413414,1.9926181941566508,True
135,0.13513513513513514,2.002896924087833,True
136,0.13613613613613612,2.0132286758619893,True
137,0.13713713713713713,2.0236137229872146,True
138,0.13813813813813813,2.034052340382467,True
139,0.13913913913913914,2.0445448043848495,True
140,0.14014014014014015,2.055091392756923,True
141,0.14114114114114115,2.065692384694059,True
142,0.14214214214214213,2.0763480608318337,True
143,0.14314314314314314,2.087058703253453,True
144,0.14414414414414414,2.0978245954972228,True
145,0.14514514514514515,2.108646022564055,True
146,0.14614614614614616,2.1195232709250087,True
147,0.14714714714714713,2.1304566285288797,True
148,0.14814814814814814,2.1414463848098184,True
149,0.14914914914914915,2.1524928306949938,True
150,0.15015015015015015,2.1635962586122943,True
151,0.15115115115115116,2.1747569624980705,True
152,0.15215215215215216,2.185975237804915,True
153,0.15315315315315314,2.197251381509484,True
154,0.15415415415415415,2.2085856921203595,True
155,0.15515515515515516,2.2199784696859517,True
156,0.15615615615615616,2.2314300158024416,True
157,0.15715715715715717,2.2429406336217648,True
158,0.15815815815815815,2.2545106278596374,True
159,0.15915915915915915,2.2661403048036233,True
160,0.16016016016016016,2.277829972321239,True
161,0.16116116116116116,2.289579939868109,True
162,0.16216216216216217,2.3013905184961527,True
163,0.16316316316316315,2.3132620208618215,True
164,0.16416416416416416,2.325194761234376,True
165,0.16516516516516516,2.3371890555042043,True
166,0.16616616616616617,2.3492452211911843,True
167,0.16716716716716717,2.3613635774530897,True
168,0.16816816816816815,2.3735444450940393,True
169,0.16916916916916916,2.38578814657299,True
170,0.17017017017017017,2.398095006012271,True
171,0.17117117117117117,2.4104653492061665,True
172,0.17217217217217218,2.422899503629538,True
173,0.17317317317317318,2.435397798446496,True
174,0.17417417417417416,2.4479605645191116,True
175,0.17517517517517517,2.4605881344161764,True
176,0.17617617617617617,2.473280842422007,True
177,0.17717717717717718,2.486039024545293,True
178,0.1781781781781782,2.498863018527992,True
179,0.17917917917917917,2.511753163854271,True
180,0.18018018018018017,2.524709801759496,True
181,0.18118118118118118,2.537733275239261,True
182,0.18218218218218218,2.5508239290584687,True
183,0.1831831831831832,2.5639821097604605,True
184,0.1841841841841842,2.5772081656761876,True
185,0.18518518518518517,2.590502446933433,True
186,0.18618618618618618,2.603865305466081,True
187,0.1871871871871872,2.6172970950234324,True
188,0.1881881881881882,2.63079817117957,True
189,0.1891891891891892,2.644368891342771,True
190,0.19019019019019018,2.6580096147649703,True
191,0.19119119119119118,2.6717207025512675,True
192,0.1921921921921922,2.6855025176694904,True
193,0.1931931931931932,2.699355424959799,True
194,0.1941941941941942,2.713279791144349,True
195,0.19519519519519518,2.7272759848369956,True
196,0.1961961961961962,2.7413443765530534,True
197,0.1971971971971972,2.7554853387191045,True
198,0.1981981981981982,2.7696992456828586,True
199,0.1991991991991992,2.783986473723062,True
200,0.20020020020020018,2.7983474010594573,True
201,0.2012012012012012,2.8127824078628008,True
202,0.2022022022022022,2.8272918762649195,True
203,0.2032032032032032,2.8418761903688328,True
204,0.2042042042042042,2.856535736258918,True
205,0.20520520520520522,2.871270902011133,True
206,0.2062062062062062,2.886082077703286,True
207,0.2072072072072072,2.900969655425366,True
208,0.2082082082082082,2.9159340292899194,True
209,0.2092092092092092,2.9309755954424865,True
210,0.21021021021021022,2.946094752072084,True
211,0.2112112112112112,2.9612918994217496,True
212,0.2122122122122122,2.9765674397991355,True
213,0.2132132132132132,2.991921777587161,True
214,0.21421421421421422,3.007355319254714,True
215,0.21521521521521522,3.0228684733674154,True
216,0.21621621621621623,3.0384616505984305,True
217,0.2172172172172172,3.054135263739343,True
218,0.2182182182182182,3.0698897277110846,True
219,0.21921921921921922,3.085725459574914,True
220,0.22022022022022023,3.1016428785434633,True
221,0.22122122122122123,3.1176424059918295,True
222,0.2222222222222222,3.1337244654687346,True
223,0.22322322322322322,3.1498894827077373,True
224,0.22422422422422422,3.1661378856384994,True
225,0.22522522522522523,3.1824701043981185,True
226,0.22622622622622623,3.1988865713425123,True
227,0.2272272272272272,3.215387721057865,True
228,0.22822822822822822,3.231973990372134,True
229,0.22922922922922923,3.248645818366609,True
230,0.23023023023023023,3.2654036463875404,True
231,0.23123123123123124,3.2822479180578195,True
232,0.23223223223223222,3.2991790792887246,True
233,0.23323323323323322,3.3161975782917255,True
234,0.23423423423423423,3.333303865590346,True
235,0.23523523523523523,3.350498394032093,True
236,0.23623623623623624,3.367781618800445,True
237,0.23723723723723725,3.385153997426899,True
238,0.23823823823823823,3.4026159898030848,True
239,0.23923923923923923,3.420168058192941,True
240,0.24024024024024024,3.437810667244948,True
241,0.24124124124124124,3.455544284004432,True
242,0.24224224224224225,3.4733693779259274,True
243,0.24324324324324323,3.4912864208856043,True
244,0.24424424424424424,3.5092958871937627,True
245,0.24524524524524524,3.527398253607385,True
246,0.24624624624624625,3.5455939993427594,True
247,0.24724724724724725,3.5638836060881642,True
248,0.24824824824824826,3.5822675580166234,True
249,0.24924924924924924,3.6007463417987187,True
250,0.2502502502502503,3.619320446615476,True
251,0.25125125125125125,3.6379903641713125,True
252,0.25225225225225223,3.656756588707061,True
253,0.25325325325325326,3.6756196170130435,True
254,0.25425425425425424,3.694579948442228,True
255,0.2552552552552553,3.7136380849234483,True
256,0.25625625625625625,3.7327945309746875,True
257,0.25725725725725723,3.752049793716441,True
258,0.25825825825825827,3.7714043828851316,True
259,0.25925925925925924,3.7908588108466104,True
260,0.2602602602602603,3.8104135926097213,True
261,0.26126126126126126,3.8300692458399266,True
262,0.26226226226226224,3.849826290873021,True
263,0.26326326326326327,3.8696852507288995,True
264,0.26426426426426425,3.8896466511254038,True
265,0.2652652652652653,3.909711020492246,True
266,0.26626626626626626,3.9298788899849835,True
267,0.26726726726726724,3.950150793499096,True
268,0.2682682682682683,3.9705272676841115,True
269,0.26926926926926925,3.9910088519578077,True
270,0.2702702702702703,4.011596088520504,True
271,0.27127127127127126,4.0322895223694,True
272,0.27227227227227224,4.053089701313019,True
273,0.2732732732732733,4.073997175985702,True
274,0.27427427427427425,4.095012499862174,True
275,0.2752752752752753,4.116136229272222,True
276,0.27627627627627627,4.137368923415392,True
277,0.2772772772772773,4.158711144375817,True
278,0.2782782782782783,4.180163457137082,True
279,0.27927927927927926,4.20172642959719,True
280,0.2802802802802803,4.223400632583589,True
281,0.28128128128128127,4.245186639868282,True
282,0.2822822822822823,4.26708502818303,True
283,0.2832832832832833,4.289096377234596,True
284,0.28428428428428426,4.311221269720115,True
285,0.2852852852852853,4.333460291342509,True
286,0.2862862862862863,4.355814030825984,True
287,0.2872872872872873,4.3782830799316335,True
288,0.2882882882882883,4.400868033473087,True
289,0.28928928928928926,4.423569489332265,True
290,0.2902902902902903,4.446388048475208,True
291,0.2912912912912913,4.469324314967975,True
292,0.2922922922922923,4.4923788959926485,True
293,0.2932932932932933,4.515552401863398,True
294,0.29429429429429427,4.538845446042641,True
295,0.2952952952952953,4.562258645157284,True
296,0.2962962962962963,4.5857926190150415,True
297,0.2972972972972973,4.609447990620847,True
298,0.2982982982982983,4.633225386193348,True
299,0.29929929929929927,4.657125435181475,True
300,0.3003003003003003,4.681148770281118,True
301,0.3013013013013013,4.705296027451864,True
302,0.3023023023023023,4.729567845933834,True
303,0.3033033033033033,4.753964868264614,True
304,0.30430430430430433,4.778487740296255,True
305,0.3053053053053053,4.803137111212371,True
306,0.3063063063063063,4.827913633545335,True
307,0.3073073073073073,4.852817963193539,True
308,0.3083083083083083,4.877850759438767,True
309,0.30930930930930933,4.903012684963644,True
310,0.3103103103103103,4.92830440586918,True
311,0.3113113113113113,4.953726591692401,True
312,0.3123123123123123,4.979279915424084,True
313,0.3133133133133133,5.0049650535265515,True
314,0.31431431431431434,5.030782685951604,True
315,0.3153153153153153,5.056733496158499,True
316,0.3163163163163163,5.082818171132057,True
317,0.3173173173173173,5.1090374014008475,True
318,0.3183183183183183,5.135391881055458,True
319,0.31931931931931934,5.1618823077668825,True
320,0.3203203203203203,5.188509382804978,True
321,0.3213213213213213,5.215273811057038,True
322,0.32232232232232233,5.242176301046454,True
323,0.3233233233233233,5.2692175649514565,True
324,0.32432432432432434,5.296398318623991,True
325,0.3253253253253253,5.323719281608645,True
326,0.3263263263263263,5.351181177161718,True
327,0.32732732732732733,5.378784732270354,True
328,0.3283283283283283,5.406530677671787,True
329,0.32932932932932935,5.434419747872696,True
330,0.3303303303303303,5.462452681168634,True
331,0.3313313313313313,5.490630219663588,True
332,0.33233233233233234,5.518953109289615,True
333,0.3333333333333333,5.547422099826589,True
334,0.33433433433433435,5.576037944922053,True
335,0.3353353353353353,5.604801402111169,True
336,0.3363363363363363,5.633713232836771,True
337,0.33733733733733734,5.662774202469526,True
338,0.3383383383383383,5.691985080328184,True
339,0.33933933933933935,5.721346639699961,True
340,0.34034034034034033,5.750859657860996,True
341,0.34134134134134136,5.780524916096934,True
342,0.34234234234234234,5.810343199723605,True
343,0.3433433433433433,5.8403152981078215,True
344,0.34434434434434436,5.870442004688262,True
345,0.34534534534534533,5.900724116996485,True
346,0.34634634634634637,5.931162436678039,True
347,0.34734734734734735,5.961757769513684,True
348,0.3483483483483483,5.992510925440727,True
349,0.34934934934934936,6.023422718574451,True
350,0.35035035035035034,6.054493967229679,True
351,0.35135135135135137,6.085725493942437,True
352,0.35235235235235235,6.1171181254917135,True
353,0.3533533533533533,6.148672692921367,True
354,0.35435435435435436,6.180390031562111,True
355,0.35535535535535534,6.212270981053634,True
356,0.3563563563563564,6.244316385366827,True
357,0.35735735735735735,6.276527092826118,True
358,0.35835835835835833,6.3089039561319415,True
359,0.35935935935935936,6.341447832383307,True
360,0.36036036036036034,6.374159583100475,True
361,0.3613613613613614,6.407040074247793,True
362,0.36236236236236236,6.440090176256586,True
363,0.36336336336336333,6.473310764048225,True
364,0.36436436436436437,6.506702717057283,True
365,0.36536536536536535,6.5402669192547975,True
366,0.3663663663663664,6.574004259171701,True
367,0.36736736736736736,6.607915629922316,True
368,0.3683683683683684,6.6420019292280195,True
369,0.36936936936936937,6.676264059440988,True
370,0.37037037037037035,6.710702927568103,True
371,0.3713713713713714,6.745319445294955,True
372,0.37237237237237236,6.780114529009968,True
373,0.3733733733733734,6.815089099828676,True
374,0.3743743743743744,6.850244083618099,True
375,0.37537537537537535,6.885580411021246,True
376,0.3763763763763764,6.921099017481771,True
377,0.37737737737737737,6.956800843268709,True
378,0.3783783783783784,6.992686833501397,True
379,0.3793793793793794,7.028757938174471,True
380,0.38038038038038036,7.0650151121830245,True
381,0.3813813813813814,7.10145931534789,True
382,0.38238238238238237,7.138091512441039,True
383,0.3833833833833834,7.174912673211129,True
384,0.3843843843843844,7.211923772409172,True
385,0.38538538538538536,7.249125789814337,True
386,0.3863863863863864,7.286519710259898,True
387,0.38738738738738737,7.324106523659291,True
388,0.3883883883883884,7.361887225032324,True
389,0.3893893893893894,7.399862814531524,True
390,0.39039039039039036,7.4380342974686044,True
391,0.3913913913913914,7.47640268434109,True
392,0.3923923923923924,7.514968990859049,True
393,0.3933933933933934,7.553734237972004,True
394,0.3943943943943944,7.592699451895939,True
395,0.39539539539539537,7.631865664140479,True
396,0.3963963963963964,7.671233911536198,True
397,0.3973973973973974,7.710805236262045,True
398,0.3983983983983984,7.750580685872969,True
399,0.3993993993993994,7.790561313327615,True
400,0.40040040040040037,7.83074817701622,True
401,0.4014014014014014,7.871142340788633,True
402,0.4024024024024024,7.911744873982455,True
403,0.4034034034034034,7.952556851451374,True
404,0.4044044044044044,7.993579353593609,True
405,0.40540540540540543,8.034813466380497,True
406,0.4064064064064064,8.076260281385272,True
407,0.4074074074074074,8.117920895811924,True
408,0.4084084084084084,8.159796412524278,True
409,0.4094094094094094,8.20188794007518,True
410,0.41041041041041043,8.244196592735824,True
411,0.4114114114114114,8.286723490525276,True
412,0.4124124124124124,8.329469759240116,True
413,0.4134134134134134,8.372436530484224,True
414,0.4144144144144144,8.415624941698766,True
415,0.41541541541541543,8.459036136192276,True
416,0.4164164164164164,8.502671263170946,True
417,0.4174174174174174,8.546531477769033,True
418,0.4184184184184184,8.590617941079438,True
419,0.4194194194194194,8.634931820184459,True
420,0.42042042042042044,8.679474288186675,True
421,0.4214214214214214,8.72424652423999,True
422,0.4224224224224224,8.769249713580873,True
423,0.42342342342342343,8.814485047559716,True
424,0.4244244244244244,8.85995372367238,True
425,0.42542542542542544,8.905656945591895,True
426,0.4264264264264264,8.951595923200317,True
427,0.4274274274274274,8.997771872620767,True
428,0.42842842842842843,9.044186016249625,True
429,0.4294294294294294,9.090839582788872,True
430,0.43043043043043044,9.13773380727865,True
431,0.4314314314314314,9.184869931129914,True
432,0.43243243243243246,9.23224920215734,True
433,0.43343343343343343,9.279872874612316,True
434,0.4344344344344344,9.327742209216186,True
435,0.43543543543543545,9.375858473193594,True
436,0.4364364364364364,9.424222940306036,True
437,0.43743743743743746,9.472836890885597,True
438,0.43843843843843844,9.521701611868815,True
439,0.4394394394394394,9.570818396830786,True
440,0.44044044044044045,9.62018854601938,True
441,0.44144144144144143,9.669813366389665,True
442,0.44244244244244246,9.719694171638524,True
443,0.44344344344344344,9.769832282239406,True
444,0.4444444444444444,9.820229025477307,True
445,0.44544544544544545,9.870885735483895,True
446,0.44644644644644643,9.921803753272817,True
447,0.44744744744744747,9.972984426775225,True
448,0.44844844844844844,10.024429110875428,True
449,0.4494494494494494,10.076139167446792,True
450,0.45045045045045046,10.12811596538777,True
451,0.45145145145145144,10.180360880658142,True
452,0.45245245245245247,10.232875296315454,True
453,0.45345345345345345,10.285660602551609,True
454,0.4544544544544544,10.33871819672969,True
455,0.45545545545545546,10.392049483420951,True
456,0.45645645645645644,10.445655874441973,True
457,0.4574574574574575,10.499538788892078,True
458,0.45845845845845845,10.553699653190854,True
459,0.45945945945945943,10.608139901115958,True
460,0.46046046046046046,10.662860973841044,True
461,0.46146146146146144,10.717864319973915,True
462,0.4624624624624625,10.773151395594892,True
463,0.46346346346346345,10.82872366429533,True
464,0.46446446446446443,10.884582597216397,True
465,0.46546546546546547,10.940729673087995,True
466,0.46646646646646645,10.997166378267904,True
467,0.4674674674674675,11.053894206781154,True
468,0.46846846846846846,11.110914660359542,True
469,0.4694694694694695,11.168229248481426,True
470,0.47047047047047047,11.225839488411637,True
471,0.47147147147147145,11.283746905241692,True
472,0.4724724724724725,11.341953031930146,True
473,0.47347347347347346,11.400459409343156,True
474,0.4744744744744745,11.459267586295315,True
475,0.4754754754754755,11.518379119590598,True
476,0.47647647647647645,11.577795574063627,True
477,0.4774774774774775,11.637518522621072,True
478,0.47847847847847846,11.697549546283271,True
479,0.4794794794794795,11.757890234226135,True
480,0.4804804804804805,11.818542183823155,True
481,0.48148148148148145,11.87950700068774,True
482,0.4824824824824825,11.940786298715702,True
483,0.48348348348348347,12.002381700127966,True
484,0.4844844844844845,12.064294835513545,True
485,0.4854854854854855,12.12652734387267,True
486,0.48648648648648646,12.189080872660213,True
487,0.4874874874874875,12.251957077829287,True
488,0.48848848848848847,12.31515762387506,True
489,0.4894894894894895,12.378684183878862,True
490,0.4904904904904905,12.44253843955243,True
491,0.49149149149149146,12.506722081282472,True
492,0.4924924924924925,12.571236808175385,True
493,0.4934934934934935,12.63608432810223,True
494,0.4944944944944945,12.701266357743979,True
495,0.4954954954954955,12.76678462263693,True
496,0.4964964964964965,12.832640857218385,True
497,0.4974974974974975,12.89883680487259,True
498,0.4984984984984985,12.965374217976855,True
499,0.4994994994994995,13.032254857947976,True
500,0.5005005005005005,13.099480495288846,True
501,0.5015015015015015,13.167052909635313,True
502,0.5025025025025025,13.234973889803321,True
503,0.5035035035035035,13.303245233836252,True
504,0.5045045045045045,13.371868749052503,True
505,0.5055055055055055,13.440846252093374,True
506,0.5065065065065065,13.510179568971111,True
507,0.5075075075075075,13.579870535117289,True
508,0.5085085085085085,13.649920995431376,True
509,0.5095095095095095,13.720332804329564,True
510,0.5105105105105106,13.791107825793896,True
511,0.5115115115115115,13.86224793342156,True
512,0.5125125125125125,13.933755010474538,True
513,0.5135135135135135,14.005630949929438,True
514,0.5145145145145145,14.077877654527587,True
515,0.5155155155155156,14.150497036825442,True
516,0.5165165165165165,14.223491019245179,True
517,0.5175175175175175,14.296861534125624,True
518,0.5185185185185185,14.370610523773376,True
519,0.5195195195195195,14.444739940514248,True
520,0.5205205205205206,14.519251746744922,True
521,0.5215215215215215,14.59414791498492,True
522,0.5225225225225225,14.669430427928821,True
523,0.5235235235235235,14.74510127849875,True
524,0.5245245245245245,14.821162469897121,True
525,0.5255255255255256,14.897616015659677,True
526,0.5265265265265265,14.974463939708784,True
527,0.5275275275275275,15.051708276407032,True
528,0.5285285285285285,15.12935107061107,True
529,0.5295295295295295,15.207394377725748,True
530,0.5305305305305306,15.285840263758518,True
531,0.5315315315315315,15.364690805374122,True
532,0.5325325325325325,15.443948089949606,True
533,0.5335335335335335,15.523614215629529,True
534,0.5345345345345345,15.603691291381539,True
535,0.5355355355355356,15.684181437052198,True
536,0.5365365365365365,15.765086783423056,True
537,0.5375375375375375,15.846409472267137,True
538,0.5385385385385385,15.928151656405577,True
539,0.5395395395395395,16.010315499764637,True
540,0.5405405405405406,16.092903177433,True
541,0.5415415415415415,16.175916875719295,True
542,0.5425425425425425,16.259358792210044,True
543,0.5435435435435435,16.34323113582781,True
544,0.5445445445445445,16.427536126889663,True
545,0.5455455455455456,16.51227599716598,True
546,0.5465465465465466,16.59745298993947,True
547,0.5475475475475475,16.68306936006465,True
548,0.5485485485485485,16.76912737402746,True
549,0.5495495495495496,16.855629310005316,True
550,0.5505505505505506,16.942577457927346,True
551,0.5515515515515516,17.0299741195351,True
552,0.5525525525525525,17.117821608443435,True
553,0.5535535535535535,17.20612225020176,True
554,0.5545545545545546,17.29487838235562,True
555,0.5555555555555556,17.38409235450853,True
556,0.5565565565565566,17.473766528384246,True
557,0.5575575575575575,17.56390327788924,True
558,0.5585585585585585,17.65450498917555,True
559,0.5595595595595596,17.745574060703962,True
560,0.5605605605605606,17.83711290330746,True
561,0.5615615615615616,17.929123940255106,True
562,0.5625625625625625,18.02160960731616,True
563,0.5635635635635635,18.114572352824563,True
564,0.5645645645645646,18.208014637743766,True
565,0.5655655655655656,18.301938935731815,True
566,0.5665665665665666,18.396347733206934,True
567,0.5675675675675675,18.491243529413282,True
568,0.5685685685685685,18.586628836487122,True
569,0.5695695695695696,18.68250617952335,True
570,0.5705705705705706,18.778878096642302,True
571,0.5715715715715716,18.87574713905696,True
572,0.5725725725725725,18.97311587114051,True
573,0.5735735735735735,19.07098687049421,True
574,0.5745745745745746,19.16936272801563,True
575,0.5755755755755756,19.268246047967224,True
576,0.5765765765765766,19.367639448045278,True
577,0.5775775775775776,19.467545559449235,True
578,0.5785785785785785,19.56796702695132,True
579,0.5795795795795796,19.668906508966565,True
580,0.5805805805805806,19.77036667762317,True
581,0.5815815815815816,19.872350218833247,True
582,0.5825825825825826,19.974859832363954,True
583,0.5835835835835835,20.07789823190892,True
584,0.5845845845845846,20.181468145160125,True
585,0.5855855855855856,20.28557231388004,True
586,0.5865865865865866,20.3902134939743,True
587,0.5875875875875876,20.495394455564593,True
588,0.5885885885885885,20.60111798306202,True
589,0.5895895895895896,20.70738687524081,True
590,0.5905905905905906,20.814203945312375,True
591,0.5915915915915916,20.92157202099984,True
592,0.5925925925925926,21.02949394461283,True
593,0.5935935935935935,21.13797257312279,True
594,0.5945945945945946,21.247010778238568,True
595,0.5955955955955956,21.35661144648242,True
596,0.5965965965965966,21.466777479266494,True
597,0.5975975975975976,21.577511792969553,True
598,0.5985985985985985,21.688817319014245,True
599,0.5995995995995996,21.800697003944684,True
600,0.6006006006006006,21.913153809504426,True
601,0.6016016016016016,22.026190712714918,True
602,0.6026026026026026,22.13981070595429,True
603,0.6036036036036035,22.254016797036535,True
604,0.6046046046046046,22.368812009291215,True
605,0.6056056056056056,22.484199381643396,True
606,0.6066066066066066,22.600181968694187,True
607,0.6076076076076076,22.716762840801557,True
608,0.6086086086086087,22.83394508416161,True
609,0.6096096096096096,22.95173180089029,True
610,0.6106106106106106,23.070126109105527,True
611,0.6116116116116116,23.18913114300976,True
612,0.6126126126126126,23.308750052972922,True
613,0.6136136136136137,23.4289860056158,True
614,0.6146146146146146,23.549842183893894,True
615,0.6156156156156156,23.671321787181693,True
616,0.6166166166166166,23.79342803135735,True
617,0.6176176176176176,23.91616414888781,True
618,0.6186186186186187,24.039533388914407,True
619,0.6196196196196196,24.163539017338806,True
620,0.6206206206206206,24.288184316909565,True
621,0.6216216216216216,24.413472587308977,True
622,0.6226226226226226,24.539407145240418,True
623,0.6236236236236237,24.66599132451619,True
624,0.6246246246246246,24.793228476145675,True
625,0.6256256256256256,24.92112196842419,True
626,0.6266266266266266,25.04967518702204,True
627,0.6276276276276276,25.17889153507421,True
628,0.6286286286286287,25.30877443327044,True
629,0.6296296296296297,25.439327319945697,True
630,0.6306306306306306,25.570553651171352,True
631,0.6316316316316316,25.70245690084655,True
632,0.6326326326326326,25.835040560790226,True
633,0.6336336336336337,25.968308140833546,True
634,0.6346346346346347,26.102263168912728,True
635,0.6356356356356356,26.23690919116259,True
636,0.6366366366366366,26.372249772010314,True
637,0.6376376376376376,26.50828849426985,True
638,0.6386386386386387,26.64502895923676,True
639,0.6396396396396397,26.782474786783485,True
640,0.6406406406406406,26.920629615455294,True
641,0.6416416416416416,27.05949710256652,True
642,0.6426426426426426,27.19908092429741,True
643,0.6436436436436437,27.339384775791444,True
644,0.6446446446446447,27.480412371253085,True
645,0.6456456456456456,27.62216744404623,True
646,0.6466466466466466,27.76465374679296,True
647,0.6476476476476476,27.90787505147288,True
648,0.6486486486486487,28.051835149523036,True
649,0.6496496496496497,28.196537851938146,True
650,0.6506506506506506,28.34198698937167,True
651,0.6516516516516516,28.488186412237084,True
652,0.6526526526526526,28.635139990809865,True
653,0.6536536536536537,28.78285161532996,True
654,0.6546546546546547,28.931325196104666,True
655,0.6556556556556556,29.0805646636123,True
656,0.6566566566566566,29.230573968606155,True
657,0.6576576576576576,29.381357082219097,True
658,0.6586586586586587,29.53291799606874,True
659,0.6596596596596597,29.685260722362983,True
660,0.6606606606606606,29.8383892940064,True
661,0.6616616616616616,29.992307764706894,True
662,0.6626626626626626,30.14702020908302,True
663,0.6636636636636637,30.3025307227719,True
664,0.6646646646646647,30.458843422537516,True
665,0.6656656656656657,30.61596244637988,True
666,0.6666666666666666,30.773891953644437,True
667,0.6676676676676676,30.932636125132223,True
668,0.6686686686686687,31.09219916321055,True
669,0.6696696696696697,31.252585291924213,True
670,0.6706706706706707,31.413798757107333,True
671,0.6716716716716716,31.575843826495785,True
672,0.6726726726726726,31.738724789840145,True
673,0.6736736736736737,31.90244595901926,True
674,0.6746746746746747,32.06701166815438,True
675,0.6756756756756757,32.232426273723874,True
676,0.6766766766766766,32.39869415467864,True
677,0.6776776776776777,32.565819712557975,True
678,0.6786786786786787,32.733807371606034,True
679,0.6796796796796797,32.90266157888908,True
680,0.6806806806806807,33.07238680441309,True
681,0.6816816816816816,33.24298754124217,True
682,0.6826826826826827,33.41446830561747,True
683,0.6836836836836837,33.58683363707669,True
684,0.6846846846846847,33.76008809857435,True
685,0.6856856856856857,33.93423627660253,True
686,0.6866866866866866,34.10928278131225,True
687,0.6876876876876877,34.28523224663561,True
688,0.6886886886886887,34.46208933040834,True
689,0.6896896896896897,34.63985871449321,True
690,0.6906906906906907,34.81854510490395,True
691,0.6916916916916916,34.998153231929734,True
692,0.6926926926926927,35.17868785026058,True
693,0.6936936936936937,35.36015373911302,True
694,0.6946946946946947,35.542555702356786,True
695,0.6956956956956957,35.7258985686419,True
696,0.6966966966966966,35.910187191526475,True
697,0.6976976976976977,36.09542644960529,True
698,0.6986986986986987,36.28162124663883,True
699,0.6996996996996997,36.46877651168321,True
700,0.7007007007007007,36.65689719922058,True
701,0.7017017017017017,36.84598828929035,True
702,0.7027027027027027,37.03605478762092,True
703,0.7037037037037037,37.22710172576229,True
704,0.7047047047047047,37.41913416121925,True
705,0.7057057057057057,37.612157177585225,True
706,0.7067067067067067,37.80617588467689,True
707,0.7077077077077077,38.00119541866938,True
708,0.7087087087087087,38.19722094223231,True
709,0.7097097097097097,38.39425764466645,True
710,0.7107107107107107,38.59231074204108,True
711,0.7117117117117117,38.79138547733206,True
712,0.7127127127127127,38.991487120560635,True
713,0.7137137137137137,39.19262096893294,True
714,0.7147147147147147,39.39479234698028,True
715,0.7157157157157157,39.59800660670001,True
716,0.7167167167167167,39.802269127697265,True
717,0.7177177177177178,40.00758531732738,True
718,0.7187187187187187,40.21396061083894,True
719,0.7197197197197197,40.42140047151779,True
720,0.7207207207207207,40.629910390831625,True
721,0.7217217217217217,40.839495888575335,True
722,0.7227227227227228,41.05016251301716,True
723,0.7237237237237237,41.26191584104548,True
724,0.7247247247247247,41.47476147831658,True
725,0.7257257257257257,41.68870505940299,True
726,0.7267267267267267,41.90375224794262,True
727,0.7277277277277278,42.119908736788766,True
728,0.7287287287287287,42.33718024816063,True
729,0.7297297297297297,42.55557253379506,True
730,0.7307307307307307,42.77509137509864,True
731,0.7317317317317317,42.9957425833008,True
732,0.7327327327327328,43.21753199960767,True
733,0.7337337337337337,43.44046549535656,True
734,0.7347347347347347,43.66454897217164,True
735,0.7357357357357357,43.88978836211999,True
736,0.7367367367367368,44.116189627868735,True
737,0.7377377377377378,44.34375876284273,True
738,0.7387387387387387,44.57250179138346,True
739,0.7397397397397397,44.802424768908345,True
740,0.7407407407407407,45.03353378207111,True
741,0.7417417417417418,45.26583494892293,False
742,0.7427427427427428,45.49933441907424,False
743,0.7437437437437437,45.73403837385778,False
744,0.7447447447447447,45.96995302649205,False
745,0.7457457457457457,46.20708462224586,False
746,0.7467467467467468,46.44543943860364,False
747,0.7477477477477478,46.685023785431596,False
748,0.7487487487487487,46.92584400514477,False
749,0.7497497497497497,47.16790647287497,False
750,0.7507507507507507,47.41121759663952,False
751,0.7517517517517518,47.65578381751087,False
752,0.7527527527527528,47.90161160978713,False
753,0.7537537537537538,48.14870748116342,False
754,0.7547547547547547,48.39707797290422,False
755,0.7557557557557557,48.64672966001651,False
756,0.7567567567567568,48.8976691514238,False
757,0.7577577577577578,49.149903090141066,False
758,0.7587587587587588,49.403438153450644,False
759,0.7597597597597597,49.65828105307904,False
760,0.7607607607607607,49.91443853537452,False
761,0.7617617617617618,50.17191738148578,False
762,0.7627627627627628,50.43072440754133,False
763,0.7637637637637638,50.690866464830144,False
764,0.7647647647647647,50.95235043998281,False
765,0.7657657657657657,51.215183255153995,False
766,0.7667667667667668,51.47937186820567,False
767,0.7677677677677678,51.744923272891164,False
768,0.7687687687687688,52.011844499040535,False
769,0.7697697697697697,52.28014261274643,False
770,0.7707707707707707,52.549824716551335,False
771,0.7717717717717718,52.82089794963553,False
772,0.7727727727727728,53.09336948800599,False
773,0.7737737737737738,53.36724654468654,False
774,0.7747747747747747,53.642536369908576,False
775,0.7757757757757757,53.91924625130322,False
776,0.7767767767767768,54.197383514094135,False
777,0.7777777777777778,54.47695552129135,False
778,0.7787787787787788,54.75796967388641,False
779,0.7797797797797797,55.04043341104801,False
780,0.7807807807807807,55.32435421031927,False
781,0.7817817817817818,55.60973958781536,False
782,0.7827827827827828,55.89659709842265,False
783,0.7837837837837838,56.18493433599861,False
784,0.7847847847847848,56.474758933573064,False
785,0.7857857857857857,56.76607856354986,False
786,0.7867867867867868,57.058900937910494,False
787,0.7877877877877878,57.3532338084176,False
788,0.7887887887887888,57.64908496682089,False
789,0.7897897897897898,57.946462245062826,False
790,0.7907907907907907,58.24537351548639,False
791,0.7917917917917918,58.54582669104317,False
792,0.7927927927927928,58.84782972550295,False
793,0.7937937937937938,59.151390613664255,False
794,0.7947947947947948,59.45651739156618,False
795,0.7957957957957957,59.763218136700715,False
796,0.7967967967967968,60.07150096822711,False
797,0.7977977977977978,60.381374047186135,False
798,0.7987987987987988,60.692845576716884,False
799,0.7997997997997998,61.00592380227328,False
800,0.8008008008008007,61.32061701184286,False
801,0.8018018018018018,61.63693353616578,False
802,0.8028028028028028,61.954881748955565,False
803,0.8038038038038038,62.2744700671207,False
804,0.8048048048048048,62.59570695098765,False
805,0.8058058058058059,62.91860090452449,False
806,0.8068068068068068,63.24316047556619,False
807,0.8078078078078078,63.5693942560411,False
808,0.8088088088088088,63.89731088219802,False
809,0.8098098098098098,64.226919034835,False
810,0.8108108108108109,64.55822743952939,False
811,0.8118118118118118,64.89124486686832,False
812,0.8128128128128128,65.2259801326813,False
813,0.8138138138138138,65.56244209827335,False
814,0.8148148148148148,65.90063967065986,False
815,0.8158158158158159,66.24058180280204,False
816,0.8168168168168168,66.58227749384409,False
817,0.8178178178178178,66.9257357893516,False
818,0.8188188188188188,67.27096578155069,False
819,0.8198198198198198,67.61797660956881,False
820,0.8208208208208209,67.96677745967696,False
821,0.8218218218218218,68.31737756553242,False
822,0.8228228228228228,68.6697862084234,False
823,0.8238238238238238,69.02401271751498,False
824,0.8248248248248248,69.38006647009558,False
825,0.8258258258258259,69.7379568918256,False
826,0.8268268268268268,70.0976934569867,False
827,0.8278278278278278,70.45928568873292,False
828,0.8288288288288288,70.82274315934238,False
829,0.8298298298298298,71.18807549047087,False
830,0.8308308308308309,71.55529235340677,False
831,0.8318318318318318,71.92440346932669,False
832,0.8328328328328328,72.295418609553,False
833,0.8338338338338338,72.66834759581268,False
834,0.8348348348348348,73.04320030049693,False
835,0.8358358358358359,73.41998664692285,False
836,0.8368368368368369,73.79871660959594,False
837,0.8378378378378378,74.17940021447438,False
838,0.8388388388388388,74.5620475392341,False
839,0.8398398398398398,74.94666871353598,False
840,0.8408408408408409,75.33327391929359,False
841,0.8418418418418419,75.72187339094297,False
842,0.8428428428428428,76.11247741571351,False
843,0.8438438438438438,76.50509633390045,False
844,0.8448448448448448,76.89974053913824,False
845,0.8458458458458459,77.29642047867597,False
846,0.8468468468468469,77.69514665365381,False
847,0.8478478478478478,78.09592961938125,False
848,0.8488488488488488,78.49877998561605,False
849,0.8498498498498498,78.9037084168457,False
850,0.8508508508508509,79.31072563256917,False
851,0.8518518518518519,79.71984240758103,False
852,0.8528528528528528,80.13106957225652,False
853,0.8538538538538538,80.54441801283856,False
854,0.8548548548548548,80.95989867172541,False
855,0.8558558558558559,81.37752254776102,False
856,0.8568568568568569,81.79730069652527,False
857,0.8578578578578578,82.21924423062774,False
858,0.8588588588588588,82.64336432000097,False
859,0.8598598598598598,83.06967219219682,False
860,0.8608608608608609,83.49817913268316,False
861,0.8618618618618619,83.92889648514296,False
862,0.8628628628628628,84.36183565177441,False
863,0.8638638638638638,84.79700809359306,False
864,0.8648648648648649,85.23442533073481,False
865,0.8658658658658659,85.67409894276112,False
866,0.8668668668668669,86.11604056896546,False
867,0.8678678678678678,86.56026190868168,False
868,0.8688688688688688,87.00677472159325,False
869,0.8698698698698699,87.45559082804519,False
870,0.8708708708708709,87.90672210935612,False
871,0.8718718718718719,88.36018050813384,False
872,0.8728728728728729,88.81597802859055,False
873,0.8738738738738738,89.27412673686135,False
874,0.8748748748748749,89.7346387613231,False
875,0.8758758758758759,90.19752629291581,False
876,0.8768768768768769,90.6628015854652,False
877,0.8778778778778779,91.13047695600746,False
878,0.8788788788788788,91.60056478511461,False
879,0.8798798798798799,92.07307751722317,False
880,0.8808808808808809,92.54802766096248,False
881,0.8818818818818819,93.025427789487,False
882,0.8828828828828829,93.50529054080822,False
883,0.8838838838838838,93.98762861812992,False
884,0.8848848848848849,94.47245479018389,False
885,0.8858858858858859,94.9597818915683,False
886,0.8868868868868869,95.44962282308725,False
887,0.8878878878878879,95.94199055209266,False
888,0.8888888888888888,96.436898112827,False
889,0.8898898898898899,96.93435860676887,False
890,0.8908908908908909,97.43438520297946,False
891,0.8918918918918919,97.93699113845128,False
892,0.8928928928928929,98.44218971845856,False
893,0.8938938938938938,98.94999431690978,False
894,0.8948948948948949,99.46041837670116,False
895,0.8958958958958959,99.97347541007291,False
896,0.8968968968968969,100.48917899896672,False
897,0.8978978978978979,101.00754279538576,False
898,0.8988988988988988,101.52858052175532,False
899,0.8998998998998999,102.0523059712869,False
900,0.9009009009009009,102.57873300834267,False
901,0.9019019019019019,103.10787556880288,False
902,0.9029029029029029,103.63974766043462,False
903,0.9039039039039038,104.17436336326296,False
904,0.9049049049049049,104.71173682994309,False
905,0.9059059059059059,105.25188228613544,False
906,0.9069069069069069,105.79481403088232,False
907,0.9079079079079079,106.34054643698605,False
908,0.9089089089089089,106.88909395138964,False
909,0.9099099099099099,107.44047109555959,False
910,0.9109109109109109,107.99469246586968,False
911,0.9119119119119119,108.5517727339878,False
912,0.9129129129129129,109.11172664726412,False
913,0.9139139139139139,109.67456902912191,False
914,0.914914914914915,110.24031477944932,False
915,0.9159159159159159,110.80897887499421,False
916,0.9169169169169169,111.38057636976077,False
917,0.9179179179179179,111.9551223954076,False
918,0.9189189189189189,112.53263216164848,False
919,0.91991991991992,113.11312095665534,False
920,0.9209209209209209,113.69660414746238,False
921,0.9219219219219219,114.28309718037319,False
922,0.9229229229229229,114.8726155813699,False
923,0.9239239239239239,115.46517495652367,False
924,0.924924924924925,116.06079099240816,False
925,0.9259259259259259,116.65947945651462,False
926,0.9269269269269269,117.2612561976697,False
927,0.9279279279279279,117.86613714645438,False
928,0.9289289289289289,118.47413831562604,False
929,0.92992992992993,119.08527580054263,False
930,0.9309309309309309,119.69956577958816,False
931,0.9319319319319319,120.31702451460124,False
932,0.9329329329329329,120.93766835130602,False
933,0.933933933933934,121.56151371974407,False
934,0.934934934934935,122.18857713470997,False
935,0.9359359359359359,122.81887519618809,False
936,0.9369369369369369,123.45242458979261,False
937,0.9379379379379379,124.08924208720839,False
938,0.938938938938939,124.72934454663597,False
939,0.93993993993994,125.37274891323653,False
940,0.9409409409409409,126.01947221958203,False
941,0.9419419419419419,126.66953158610472,False
942,0.9429429429429429,127.32294422155147,False
943,0.943943943943944,127.97972742343842,False
944,0.944944944944945,128.63989857850945,False
945,0.9459459459459459,129.30347516319614,False
946,0.9469469469469469,129.97047474408092,False
947,0.9479479479479479,130.64091497836134,False
948,0.948948948948949,131.31481361431844,False
949,0.94994994994995,131.99218849178524,False
950,0.950950950950951,132.67305754262065,False
951,0.9519519519519519,133.35743879118286,False
952,0.9529529529529529,134.0453503548073,False
953,0.953953953953954,134.7368104442857,False
954,0.954954954954955,135.43183736434852,False
955,0.955955955955956,136.13044951414923,False
956,0.9569569569569569,136.832665387752,False
957,0.9579579579579579,137.53850357462034,False
958,0.958958958958959,138.24798276011032,False
959,0.95995995995996,138.96112172596384,False
960,0.960960960960961,139.67793935080738,False
961,0.9619619619619619,140.39845461065048,False
962,0.9629629629629629,141.12268657938904,False
963,0.963963963963964,141.85065442930943,False
964,0.964964964964965,142.58237743159665,False
965,0.965965965965966,143.31787495684404,False
966,0.9669669669669669,144.05716647556667,False
967,0.9679679679679679,144.80027155871596,False
968,0.968968968968969,145.54720987819877,False
969,0.96996996996997,146.29800120739677,False
970,0.970970970970971,147.05266542169153,False
971,0.9719719719719719,147.81122249898937,False
972,0.9729729729729729,148.57369252025106,False
973,0.973973973973974,149.3400956700229,False
974,0.974974974974975,150.11045223697116,False
975,0.975975975975976,150.88478261441927,False
976,0.9769769769769769,151.66310730088802,False
977,0.9779779779779779,152.44544690063725,False
978,0.978978978978979,153.23182212421267,False
979,0.97997997997998,154.02225378899237,False
980,0.980980980980981,154.81676281973986,False
981,0.9819819819819819,155.61537024915629,False
982,0.9829829829829829,156.41809721843856,False
983,0.983983983983984,157.22496497783806,False
984,0.984984984984985,158.03599488722364,False
985,0.985985985985986,158.8512084166468,False
986,0.986986986986987,159.67062714691082,False
987,0.9879879879879879,160.49427277014073,False
988,0.988988988988989,161.322167090359,False
989,0.98998998998999,162.1543320240616,False
990,0.990990990990991,162.9907896007988,False
991,0.991991991991992,163.831561963758,False
992,0.992992992992993,164.6766713703506,False
993,0.993993993993994,165.52614019280023,False
994,0.994994994994995,166.37999091873573,False
995,0.995995995995996,167.23824615178597,False
996,0.996996996996997,168.10092861217896,False
997,0.997997997997998,168.96806113734237,False
998,0.998998998998999,169.8396666825086,False
999,1.0,170.71576832132283,False
